date,network,time,program,episode,source,archive_url
1970-01-01,,,TV Guide (1970-09-26) How TV Covered A Riot (C Virginia),,Internet Archive,https://archive.org/details/1970-09-26-to-02-tv-guide-c-virginia-how-tv-covered-a-riot-red
1970-01-01,,,TV Guide - (1970/03/14 to 20) - (Cleveland) Charges Of TV News Bias,,Internet Archive,https://archive.org/details/1970-03-14-to-20-tv-guide-cleveland-charges-of-tv-news-bias
1970-01-01,,,Television; a selection of readings from TV guide magazine,,Internet Archive,https://archive.org/details/televisionselect0000cole
1970-01-01,,,Tv Guide 1970 05 02 North Texas David Wade Isaac Asimov,,Internet Archive,https://archive.org/details/tv-guide-1970-05-02-north-texas-david-wade-isaac-asimov_202207
1970-05-02,,,"TV Guide May 2, 1970 North Texas edition, David Wade, Isaac Asimov",,Internet Archive,https://archive.org/details/tv-guide-1970-05-02-north-texas-david-wade-isaac-asimov
1971-01-01,,,TV Guide (TVガイド) 1971 Nov 19 -- Full Scan,,Internet Archive,https://archive.org/details/tvGuide_jp_1971Nov19
1972-01-01,,,A Cable TV Guide for Educators: Uses and Provisions. Second Edition.,,Internet Archive,https://archive.org/details/micro_IA41153637_0593
1972-01-01,,,Backstage at 'The Mary Tyler Moore Show'- TV Guide Magazine (February 1972),,Internet Archive,https://archive.org/details/mary_20231014
1972-01-01,,,Milwaukee Bucks 1972-1973 official press-radio-TV guide,,Internet Archive,https://archive.org/details/milwaukeebucks7200stei
1972-01-01,,,TV Guide - (1972/05/06) - (Ga) TV Influencing Political Primaries,,Internet Archive,https://archive.org/details/1972-05-06-to-12-tv-guide-ga-tv-influencing-political-primaries-red
1972-01-01,,,TV Guide - (1972/09/30 to 06) - (Georgia) - TV Political Coverage Biased,,Internet Archive,https://archive.org/details/1972-09-30-to-06-tv-guide-ga-tv-political-coverage-biased
1972-01-01,,,TV Guide - August 5 1972,,Internet Archive,https://archive.org/details/tv_guide_19720805
1973-01-01,,,TV Guide 1973-12-22 Chicago Metropolitan Edition,,Internet Archive,https://archive.org/details/tv-guide-1973-12-22-chicago-metropolitan
1973-01-01,,,TV Guide v21n35 (#0566) [1973-09-01] (jodyanimator),,Internet Archive,https://archive.org/details/tvguidev21n35056619730901jodyanimator
1974-01-01,,,TV Guide v22n22 (#1105) [1974-06-01] (jodyanimator),,Internet Archive,https://archive.org/details/tvguidev22n22110519740601jodyanimator
1975-01-01,,,"Science Fiction TV Guide Volume One Number Two August 19-25, 1975",,Internet Archive,https://archive.org/details/science-fiction-tv-guide-for-salt-lake-city-volume-one-number-two-august-19-1975
1975-01-01,,,TV Guide 1975-12-06 San Francisco Metropolitan Edition,,Internet Archive,https://archive.org/details/tv-guide-1975-12-06-san-francisco-metropolitan
1976-01-01,,,From the Magazine Rack No. 101 — The Rose-Colored Rearview Mirror (Saturday Review); President Ford Talks About Television (TV Guide); The Nation’s River (National Geographic) (VOA Radio Script),,Internet Archive,https://archive.org/details/from-the-magazine-rack-no.-101-the-rose-colored-rearview-mirror-saturday-review-
1976-01-01,,,From the Magazine Rack No. 102 — Candidate Carter Talks About Television (TV Guide); Lobbying: Key to Lasting Political Influence (Black Enterprise); North Sea Oil Fuels Scottish Nationalism (Fortune) (VOA Radio Script),,Internet Archive,https://archive.org/details/from-the-magazine-rack-no.-102-candidate-carter-talks-about-television-tv-guide-
1976-01-01,,,From the Magazine Rack No. 104 — Why Don’t People Vote? (TV Guide); On Predicting Earthquakes (Current); Born Again: The Year of the Evangelicals (Newsweek) (VOA Radio Script),,Internet Archive,https://archive.org/details/from-the-magazine-rack-no.-104-why-dont-people-vote-tv-guide-on-predicting-earth
1976-01-01,,,From the Magazine Rack No. 69 — Covering the Economy (TV Guide); Senior Volunteers (Parks and Recreation) (VOA Radio Script),,Internet Archive,https://archive.org/details/from-the-magazine-rack-no.-69-covering-the-economy-tv-guide-senior-volunteers-pa
1976-01-01,,,From the Magazine Rack No. 72 — Legal Richts Still Cloudy For Eighteen-Year-Olds (U.S. News And World Report); Anatomy of a Newscast (TV Guide) (VOA Radio Script),,Internet Archive,https://archive.org/details/from-the-magazine-rack-no.-72-legal-richts-still-cloudy-for-eighteen-year-olds-u
1976-01-01,,,From the Magazine Rack No. 92 — Trains in Trouble (Atlantic); Terrorism and Television (TV Guide); ‘Company Couples’ Flourish (Business Week) (VOA Radio Script),,Internet Archive,https://archive.org/details/from-the-magazine-rack-no.-92-trains-in-trouble-atlantic-terrorism-and-televisio
1976-01-01,,,"From the Magazine Rack No. 98 — Is the Elephant at Peace? (Audubon); A Voice Still Blowin’ in the Wind (TV Guide); It’s Pronounced Gannett, and It’s Very Profitable (New York) (VOA Radio Script)",,Internet Archive,https://archive.org/details/from-the-magazine-rack-no.-98-is-the-elephant-at-peace-audubon-a-voice-still-blo
1976-01-01,,,TV Guide (Baseball Faces An Explosive Year--San Francisco Edition),,Internet Archive,https://archive.org/details/tvguide04031976-04091976baseball
1977-01-01,,,"Country Style - Press, Radio & TV Guide (1977)",,Internet Archive,https://archive.org/details/cs_prtvguide_1977
1977-01-01,,,"TV Guide - 1977-02-26 - Los Angeles, CA Edition",,Internet Archive,https://archive.org/details/tv-guide-1977-02-26-los-angeles-ca-edited_202404
1977-01-01,,,The Programming Pirate of Pickle Lake Ontario TV Guide Canada by Gordon Donaldson 1977,,Internet Archive,https://archive.org/details/The_Programming_Pirate_of_Pickle_Lake_Ontario_TV_Guide_Canada_by_Gordon_Donaldso
1978-01-01,,,Get the Johnny Carson show before it's bleeped - TV Guide Oklahoma 1978,,Internet Archive,https://archive.org/details/Get_the_Johnny_Carson_show_before_its_bleeped_TV_Guide_Oklahoma_1978
1978-01-01,,,Pay TV Without Paying - TV Guide Canada 1978,,Internet Archive,https://archive.org/details/Pay_TV_Without_Paying_TV_Guide_Canada_1978
1978-01-01,,,TV Guide The First 25 Years,,Internet Archive,https://archive.org/details/tv-guide-the-first-25-years
1978-01-01,,,"TV guide, the first 25 years",,Internet Archive,https://archive.org/details/tvguidefirst25ye00harr
1978-01-01,,,The TV guide quiz book,,Internet Archive,https://archive.org/details/tvguidequizbook00spac_0
1979-01-01,,,A kid's TV guide : a children's book about watching TV intelligently,,Internet Archive,https://archive.org/details/kidstvguidechil00berr
1979-01-01,,,A kid's TV guide : a children's book about watching TV intelligently,,Internet Archive,https://archive.org/details/kidstvguidechild00berr
1979-01-01,,,"TV Guide - 1979-06-23 - Los Angeles, CA Edition",,Internet Archive,https://archive.org/details/tv-guide-1979-06-23-los-angeles-ca
1979-01-01,,,TV Guide 1979-04-21 St Louis Edition,,Internet Archive,https://archive.org/details/tv-guide-1979-04-21-st-louis
1979-01-01,,,TV Guide North Texas 1979 07 07-13,,Internet Archive,https://archive.org/details/tv-guide-north-texas-1979-07-07-13_202310
1979-01-01,,,Weekly Reader Books presents A kid's TV guide : a children's book about watching TV intelligently,,Internet Archive,https://archive.org/details/weeklyreaderboo00berr
1980-01-01,,,CIA Reading Room nsa-rdp96x00790r000100030058-2: TV GUIDE ARTICLE ON BREZHNEV,,Internet Archive,https://archive.org/details/cia-readingroom-document-nsa-rdp96x00790r000100030058-2
1980-01-01,,,TV Guide - Apr 26 - May 02 - 1980,,Internet Archive,https://archive.org/details/tvguideapril26may021980
1980-01-01,,,TV Guide - Aug 9 - 15 -1980,,Internet Archive,https://archive.org/details/tvguideaug091980
1980-01-01,,,TV Guide - Dec 27 - Jan 2 -1981,,Internet Archive,https://archive.org/details/tvguidedec271980jan21981
1980-01-01,,,TV Guide - Feb 16 - Feb 22 - 1980,,Internet Archive,https://archive.org/details/tvguidefeb16221980_201907
1980-01-01,,,TV Guide - Feb 23 - Feb 29 - 1980,,Internet Archive,https://archive.org/details/tvguidefeb23291980
1980-01-01,,,TV Guide - Jan 05 - Jan 11 - 1980,,Internet Archive,https://archive.org/details/tvguide0105111980
1980-01-01,,,TV Guide - Jan 12 - Jan 18 - 1980,,Internet Archive,https://archive.org/details/tvguidejan12181980
1980-01-01,,,TV Guide - Jan 19 - Jan 25 - 1980,,Internet Archive,https://archive.org/details/tvguidejan19251980
1980-01-01,,,TV Guide - Jan 26 - Feb 01 - 1980,,Internet Archive,https://archive.org/details/tvguidejan26feb011980
1980-01-01,,,TV Guide - Jun 07 - Jun 13 - 1980,,Internet Archive,https://archive.org/details/TV-Guide-1980-June-7-13
1980-01-01,,,TV Guide - Jun 21 - Jun 27 - 1980,,Internet Archive,https://archive.org/details/tvguidejun21jun271980_201907
1980-01-01,,,TV Guide - Mar 08 - Mar 14 - 1980,,Internet Archive,https://archive.org/details/tvguide0308141980
1980-01-01,,,TV Guide - May 03 - May 09 - 1980,,Internet Archive,https://archive.org/details/tvguidemay03may091980
1980-01-01,,,TV Guide - May 31 - Jun 06 - 1980,,Internet Archive,https://archive.org/details/tvguidemay31june6
1980-01-01,,,TV Guide - Sep 13 - Sep 19 - 1980 (Fall Preview),,Internet Archive,https://archive.org/details/tvguidesep13sep191980_20190729_1857
1980-01-01,,,TV Guide - Sep 27 - Oct 3 - 1980,,Internet Archive,https://archive.org/details/tvguidesep271980
1980-01-01,,,TV Guide First 25 years,,Internet Archive,https://archive.org/details/tvguidefirst25ye0000jays
1980-01-01,,,TV Guide issues from 1980,,Internet Archive,https://archive.org/details/tv-guide-v-28-n-37-1433-1980-09-13
1980-01-01,,,TV guide almanac,,Internet Archive,https://archive.org/details/tvguidealmanac00norb
1980-01-01,,,"TV guide, the first 25 years",,Internet Archive,https://archive.org/details/tvguidefirst25ye0000unse
1981-01-01,,,TV Guide ( Elvis Presley 1981 Los Angeles Edition),,Internet Archive,https://archive.org/details/tv-guide-elvis-presley-1981-los-angeles-edition
1981-01-01,,,TV Guide issues from 1981,,Internet Archive,https://archive.org/details/tv-guide-1981
1981-01-01,,,TV Guide v30n50 (#1550) [1982-12-11] {EXciter},,Internet Archive,https://archive.org/details/tvguidev30n501550dec111982exciter_201908
1981-01-01,,,Television today : a close-up view : readings from TV guide,,Internet Archive,https://archive.org/details/televisiontoday00tate
1982-01-01,,,Mazes and Monsters - TV Guide article,,Internet Archive,https://archive.org/details/mazes-and-monsters-tv-guide-1982
1982-01-01,,,TV Guide (1982 Vermont-Canada Edition; Nell Carter & Dolph Sweet),,Internet Archive,https://archive.org/details/tvguide1982vermontcanadaedition
1982-01-01,,,"TV Guide - 1982-07-10 - Los Angeles, CA Edition",,Internet Archive,https://archive.org/details/tv-guide-1982-07-10-los-angeles-ca
1982-01-01,,,TV Guide - July 10 - 16 - 1982,,Internet Archive,https://archive.org/details/tvguidejul10161982
1982-01-01,,,TV Guide April 17 23 1982 Western Washington,,Internet Archive,https://archive.org/details/tv-guide-april-17-23-1982-western-washington
1982-01-01,,,TV Guide issues from 1982,,Internet Archive,https://archive.org/details/tv-guide-1982
1982-01-01,,,TV Guide v30n49 (#1549) [1982-12-04] {EXciter},,Internet Archive,https://archive.org/details/tvguidev30n491549dec41982exciter
1982-01-01,,,TV Guide v30n51 (#1551) [1982-12-18] {EXciter},,Internet Archive,https://archive.org/details/tvguidev30n511551dec181982exciter
1982-01-01,,,TV Guide v30n52 (#1552) [1982-12-25] (New Hampshire edition) {EXciter},,Internet Archive,https://archive.org/details/tvguidev30n521552dec251982exciter
1983-01-01,,,C Channel Pay TV Guide,,Internet Archive,https://archive.org/details/c-channel-pay-tv-guide
1983-01-01,,,TV Guide December 10 16 1983 Western Wash St Edition,,Internet Archive,https://archive.org/details/tv-guide-december-10-16-1983-western-wash-st-edition
1983-01-01,CBS,,CBS NEWS-TV GUIDE DISPUTE,,Internet Archive,https://archive.org/details/CIA-RDP90-00845R000201170001-6
1983-01-01,CBS,,CIA Reading Room cia-rdp90-00845r000201170001-6: CBS NEWS-TV GUIDE DISPUTE,,Internet Archive,https://archive.org/details/cia-readingroom-document-cia-rdp90-00845r000201170001-6
1984-01-01,,,1984 TV Guide Fall Preview,,Internet Archive,https://archive.org/details/1984-tv-guide-fall-preview
1984-01-01,,,CIA Reading Room cia-rdp86m00886r001500010007-1: TRANSCRIPT OF PICKERING/GORMAN BRIEFING; TALKING POINTS ON EL SALVADOR; TV GUIDE ARTICLE,,Internet Archive,https://archive.org/details/cia-readingroom-document-cia-rdp86m00886r001500010007-1
1984-01-01,,,TV Guide (Hawaii Edition--1984),,Internet Archive,https://archive.org/details/tvguide1984hawaiiedition
1985-01-01,,,TV Guide 6 15 85,,Internet Archive,https://archive.org/details/tv-guide-6-15-85
1986-01-01,,,1986 08 02 TV Guide,,Internet Archive,https://archive.org/details/1986-08-02-tv-guide
1986-01-01,,,"ERIC ED270749: Ignoring Change: An Evaluation of ""TV Guide"" Covers, 1970-1979.",,Internet Archive,https://archive.org/details/ERIC_ED270749
1986-01-01,,,"Ignoring Change: An Evaluation of ""TV Guide"" Covers, 1970-1979.",,Internet Archive,https://archive.org/details/micro_IA41152910_0553
1986-01-01,,,TV Guide - July - 05 - 11 - 1986,,Internet Archive,https://archive.org/details/tvguidejul05111988
1986-01-01,,,TV Guide January 25 - 31 1986,,Internet Archive,https://archive.org/details/tv-guide-january-25-31-1986
1989-01-01,,,TV Guide Magazine (1989--Revised),,Internet Archive,https://archive.org/details/tvguidemagazineweekof05061989-05121989
1990-01-01,,,TV Guide 12/22/1990 (NYC),,Internet Archive,https://archive.org/details/tvguide-19901222-nyc
1991-01-01,,,Forbidden channels : the truth they hide from TV guide,,Internet Archive,https://archive.org/details/forbiddenchannel0000stal
1991-01-01,,,TV Guide (1991/07/06) (Philadelphia) The Best And The Worst,,Internet Archive,https://archive.org/details/1991-07-06-to-12-tv-guide-philadelphia-the-best-and-the-worst-red
1992-01-01,,,Changing Channels: America in TV Guide,,Internet Archive,https://archive.org/details/isbn_9789000016907
1992-01-01,,,Changing channels : America in TV guide,,Internet Archive,https://archive.org/details/changingchannels00alts
1992-01-01,,,Changing channels : America in TV guide,,Internet Archive,https://archive.org/details/changingchannels1992alts
1992-01-01,,,TV Guide 1.18.1992,,Internet Archive,https://archive.org/details/tv-guide-1.18.1992
1992-01-01,,,TV Guide 9/12/1992 (NYC),,Internet Archive,https://archive.org/details/tvguide-19920912-nyc
1992-01-01,,,"The TV guide TV book : 40 years of the all-time greatest : television facts, fads, hits, and history",,Internet Archive,https://archive.org/details/tvguidetvbook40y00wein
1993-01-01,,,TV Guide 4/17/1993 (NYC),,Internet Archive,https://archive.org/details/tvguide-19930417-nyc
1994-01-01,,,TV Guide 10/1/1994 (NYC),,Internet Archive,https://archive.org/details/tvguide-19941001-nyc
1994-01-01,,,TV Guide 10/15/1994 (NYC),,Internet Archive,https://archive.org/details/tvguide-19941015-nyc
1994-01-01,,,TV Guide 10/22/1994 (NYC),,Internet Archive,https://archive.org/details/tvguide-19941022-nyc
1994-01-01,,,TV Guide 10/29/1994 (NYC),,Internet Archive,https://archive.org/details/tvguide-19941029-nyc
1994-01-01,,,TV Guide 10/8/1994 (NYC),,Internet Archive,https://archive.org/details/tvguide-19941008-nyc
1994-01-01,,,TV Guide 11/12/1994 (NYC),,Internet Archive,https://archive.org/details/tvguide-19941112-nyc
1994-01-01,,,TV Guide 11/26/1994 (NYC),,Internet Archive,https://archive.org/details/tvguide-19941126-nyc
1994-01-01,,,TV Guide 12/10/1994 (NYC),,Internet Archive,https://archive.org/details/tvguide-19941210-nyc
1994-01-01,,,TV Guide 12/17/1994 (NYC),,Internet Archive,https://archive.org/details/tvguide-19941217-nyc
1994-01-01,,,TV Guide 12/24/1994 (NYC),,Internet Archive,https://archive.org/details/tvguide-19941224-nyc
1994-01-01,,,TV Guide 12/31/1994 (NYC),,Internet Archive,https://archive.org/details/tvguide-19941231-nyc
1994-01-01,,,TV Guide 1994 Crossword Collection,,Internet Archive,https://archive.org/details/tvguide-1994-crossword-collection
1994-01-01,,,TV Guide 6/18/1994 (NYC),,Internet Archive,https://archive.org/details/tvguide-19940618-nyc
1994-01-01,,,TV Guide 6/25/1994 (NYC),,Internet Archive,https://archive.org/details/tvguide-19940625-nyc
1994-01-01,,,TV Guide 7/16/1994 (NYC),,Internet Archive,https://archive.org/details/tvguide-19940716-nyc
1994-01-01,,,TV Guide 7/2/1994 (NYC),,Internet Archive,https://archive.org/details/tvguide-19940702-nyc
1994-01-01,,,TV Guide 7/23/1994 (NYC),,Internet Archive,https://archive.org/details/tvguide-19940723-nyc
1994-01-01,,,TV Guide 7/30/1994 (NYC),,Internet Archive,https://archive.org/details/tvguide-19940730-nyc
1994-01-01,,,TV Guide 8/13/1994 (NYC),,Internet Archive,https://archive.org/details/tvguide-19940813-nyc
1994-01-01,,,TV Guide 8/13/1994 (NYC),,Internet Archive,https://archive.org/details/tvguide-19940813-nyc_202112
1994-01-01,,,TV Guide 8/13/1994 (NYC),,Internet Archive,https://archive.org/details/tvguide-19940813-nyc_20211220
1994-01-01,,,TV Guide 8/20/1994 (NYC),,Internet Archive,https://archive.org/details/tvguide-19940820-nyc
1994-01-01,,,TV Guide 8/27/1994 (NYC),,Internet Archive,https://archive.org/details/tvguide-19940827-nyc
1994-01-01,,,TV Guide 8/6/1994 (NYC),,Internet Archive,https://archive.org/details/tvguide-19940806-nyc
1994-01-01,,,TV Guide 9/10/1994 (NYC),,Internet Archive,https://archive.org/details/tvguide-19940910-nyc
1994-01-01,,,TV Guide 9/17/1994 (NYC),,Internet Archive,https://archive.org/details/tvguide-19940917-nyc_202112
1994-01-01,,,TV Guide 9/24/1994 (NYC),,Internet Archive,https://archive.org/details/tvguide-19940924-nyc
1994-01-01,,,TV Guide 9/3/1994 (NYC),,Internet Archive,https://archive.org/details/tvguide-19940903-nyc
1994-01-01,,,TV guide celebrity cookbook,,Internet Archive,https://archive.org/details/tvguidecelebrity00wein
1995-01-01,,,TV Guide 1/14/1995 (NYC),,Internet Archive,https://archive.org/details/tvguide-19950114-nyc
1995-01-01,,,TV Guide 1/21/1995 (NYC),,Internet Archive,https://archive.org/details/tvguide-19950121-nyc
1995-01-01,,,TV Guide 1/28/1995 (NYC),,Internet Archive,https://archive.org/details/tvguide-19950128-nyc
1995-01-01,,,TV Guide 1/7/1995 (NYC),,Internet Archive,https://archive.org/details/tvguide-19950107-nyc
1995-01-01,,,TV Guide 11/18/1995 (NYC),,Internet Archive,https://archive.org/details/tvguide-19951118-nyc
1995-01-01,,,TV Guide 2/4/1995 (NYC),,Internet Archive,https://archive.org/details/tvguide-19950204-nyc
1995-01-01,,,TV Guide 4/1/1995 (NYC),,Internet Archive,https://archive.org/details/tvguide-19950401-nyc
1995-01-01,,,TV Guide 4/22/1995 (NYC),,Internet Archive,https://archive.org/details/tvguide-19950422-nyc
1995-01-01,,,TV Guide 4/29/1995 (NYC),,Internet Archive,https://archive.org/details/tvguide-19950429-nyc
1995-01-01,,,TV Guide 4/8/1995 (NYC),,Internet Archive,https://archive.org/details/tvguide-19950408-nyc
1995-01-01,,,TV Guide 5/13/1995 (NYC),,Internet Archive,https://archive.org/details/tvguide-19950513-nyc
1995-01-01,,,TV Guide 5/20/1995 (NYC),,Internet Archive,https://archive.org/details/tvguide-19950520-nyc
1995-01-01,,,TV Guide 5/27/1995 (NYC),,Internet Archive,https://archive.org/details/tvguide-19950527-nyc
1995-01-01,,,TV Guide 5/6/1995 (NYC),,Internet Archive,https://archive.org/details/tvguide-19950506-nyc
1995-01-01,,,TV Guide 6/17/1995 (NYC),,Internet Archive,https://archive.org/details/tvguide-19950617-nyc
1995-01-01,,,TV Guide 6/24/1995 (NYC),,Internet Archive,https://archive.org/details/tvguide-19950624-nyc
1995-01-01,,,TV Guide 7/1/1995 (NYC),,Internet Archive,https://archive.org/details/tvguide-19950701-nyc
1996-01-01,,,Prime-time style : the ultimate TV guide to fashion hits-- and misses,,Internet Archive,https://archive.org/details/primetimestyleul0000fran
1996-01-01,,,The Lake Placid News - TV Listings - 03-16-1996,,Internet Archive,https://archive.org/details/LPNTVL03161996
1997-01-01,,,TV Guide (1997/03/29 to 04) God And Television (N Indiana),,Internet Archive,https://archive.org/details/1997-03-29-to-04-tv-guide-n-ind-god-and-television-red
1997-01-01,,,TV Guide - (1997/09/13 to 19) - FALL PREVIEW (N Indiana),,Internet Archive,https://archive.org/details/1997-09-13-to-19-tv-guide-n-ind-fall-preview-red
1998-01-01,,,TV Guide - (1998/01/03 to 09) The Simpsons (N Ind),,Internet Archive,https://archive.org/details/1998-01-03-to-09-tv-guide-n-ind-the-simpsons-red
1998-01-01,,,TV Guide - (1998/09/26 to 02) (N Ind) Girl Power,,Internet Archive,https://archive.org/details/1998-09-26-to-02-tv-guide-n-ind-girl-power-red
1998-01-01,,,TV Guide - 1998/08/15 to 21 - ( N Ind) Diana,,Internet Archive,https://archive.org/details/1998-08-15-to-21-tv-guide-n-ind-diana-red
1998-01-01,,,The TV Guide book of lists,,Internet Archive,https://archive.org/details/tvguidebookoflis0000unse_n3k7
1999-01-01,,,Perth TV Guide 31121999,,Internet Archive,https://archive.org/details/perth-tv-guide-31121999
1999-01-01,,,TV Guide - (1999/05/01 to 07) (Cincinnati) Kentucky Derby Special,,Internet Archive,https://archive.org/details/1999-05-01-to-07-tv-guide-cincinnati-kentucky-derby-special-red
1999-01-01,,,TV Guide - 1999/08/21 to 27 - (Cincinnati) - Cher,,Internet Archive,https://archive.org/details/1999-08-21-to-27-tv-guide-cincinnati-cher-red
1999-01-01,,,"TV Guide January 23 29, 1999 Albany NY Edition",,Internet Archive,https://archive.org/details/tv-guide-january-23-29-1999-albany-ny-edition
1999-01-01,,,TV heaven : the ultimate TV guide,,Internet Archive,https://archive.org/details/tvheavenultimate0000stem
2000-01-01,,,ONdigital TV Guide April 2000,,Internet Archive,https://archive.org/details/ondigital-tv-guide-april-2000
2000-01-01,,,Perth TV Guide 01102000,,Internet Archive,https://archive.org/details/perth-tv-guide-01102000
2000-01-01,,,Perth TV Guide 15092000,,Internet Archive,https://archive.org/details/perth-tv-guide-15092000
2000-01-01,,,Perth TV Guide 24122000,,Internet Archive,https://archive.org/details/perth-tv-guide-24122000
2000-01-01,,,Perth TV Guide 29092000,,Internet Archive,https://archive.org/details/perth-tv-guide-29092000
2000-01-01,,,Perth TV Guide 31122000,,Internet Archive,https://archive.org/details/perth-tv-guide-31122000
2000-01-01,,,TV Guide - 2000/08/26 to 01 - (TWC Manhattan) NSYNC,,Internet Archive,https://archive.org/details/2000-08-26-to-01-tv-guide-twc-manhattan-nsync-red
2000-01-01,,,TV Guide 2482 ( 2000 10) V. 048 043,,Internet Archive,https://archive.org/details/TVGuide2482200010V.048043
2000-01-01,,,TV Guide v48n43 (#2482) [2000-10-21] (Northern California edition) (jodyanimator),,Internet Archive,https://archive.org/details/tvguidev48n43248220001021jodyanimator
2000-01-01,,,TVGuideCrosswordPuzzles (Volume6) [TV Guide crossword puzzles. English original](Chinese Edition),,Internet Archive,https://archive.org/details/isbn_9781559935814
